entry_date,entry_px,exit_date,exit_px,reason
2020-09-29,1881.95,2020-11-30,1787.21,signal
2020-12-02,1815.65,2021-01-18,1828.61,signal
2021-01-21,1871.95,2021-01-28,1843.47,signal
2021-02-02,1861.6,2021-02-03,1836.83,signal
2021-05-18,1866.94,2021-06-17,1810.85,signal
2021-07-15,1827.71,2021-07-19,1810.89,signal
2021-07-30,1829.26,2021-08-02,1813.32,signal
2021-08-30,1819,2021-09-08,1793.93,signal
2021-10-26,1809.07,2021-10-27,1792.43,signal
2021-10-28,1797.27,2021-11-01,1783.03,signal
2021-11-02,1793.93,2021-11-03,1786.92,signal
2021-11-05,1792.98,2021-11-24,1788.57,signal
2021-11-29,1792.33,2021-11-30,1783.18,signal
2021-12-17,1800.13,2021-12-21,1789.81,signal
2021-12-23,1804.68,2022-01-07,1790.54,signal
2022-01-11,1802.54,2022-01-28,1796.24,signal
2022-02-03,1807.8,2022-02-04,1803.81,signal
2022-02-07,1808.79,2022-05-13,1822.62,signal
2022-05-20,1842.26,2022-06-01,1836.14,signal
2022-06-02,1847.56,2022-06-07,1840.48,signal
2022-06-08,1853.06,2022-06-14,1819.32,signal
2022-06-17,1857.75,2022-06-20,1837.45,signal
2022-12-02,1803.6,2022-12-06,1767.95,signal
2022-12-12,1796.21,2022-12-13,1780.38,signal
2022-12-14,1811.4,2022-12-16,1776.35,signal
2022-12-19,1793.42,2023-08-16,1900.91,signal
2023-08-24,1916,2023-09-13,1911.69,signal
2023-09-18,1925.11,2023-09-22,1919.19,signal
2023-09-25,1925.58,2023-09-26,1915.92,signal
2023-10-16,1929.8,2023-10-17,1919.14,signal
2023-10-19,1948.16,2024-10-18,2721.11,time_stop
2026-08-20,4525.45,2026-08-31,4431.4,signal
